zone	cell	feature
406	00	river
406	01	river
406	10	river
407	19	river
407	27	river
407	28	river
407	29	river
407	35	river
407	36	river
407	37	river
407	43	river
407	44	river
407	45	river
407	52	river
407	53	river
407	60	river
407	61	river
407	62	river
407	70	river
408	03	river
408	13	river
408	23	river
408	30	river
408	31	river
408	33	river
408	42	river
408	43	river
408	52	river
408	53	river
408	63	river
408	73	river
408	79	river
408	83	river
408	87	river
408	88	river
408	93	river
408	95	river
408	96	river
409	07	river
409	17	river
409	18	river
409	28	river
409	29	river
409	39	river
410	04	road
410	14	road
410	24	road
410	25	road
410	35	road
410	45	road
410	55	road
410	65	road
410	75	road
410	85	road
410	95	road
411	02	river
411	03	river
411	05	river
411	06	river
411	07	river
411	12	river
411	14	river
411	15	river
411	21	river
411	22	river
411	24	river
411	31	river
411	32	river
411	33	river
411	34	river
411	41	river
411	50	river
411	60	river
411	70	river
412	73	river
412	74	river
412	79	river
412	82	river
412	83	river
412	88	river
412	89	river
412	92	river
412	98	river
412	02	road
412	03	road
412	10	road
412	11	road
413	03	river
413	06	river
413	07	river
413	13	river
413	14	river
413	15	river
413	22	river
413	23	river
413	24	river
413	32	river
413	33	river
413	42	river
413	51	river
413	52	river
413	61	river
413	71	river
413	80	river
413	81	river
413	90	river
413	19	road
413	26	road
413	27	road
413	28	road
413	29	road
413	34	road
413	35	road
413	36	road
413	41	road
413	42	road
413	43	road
413	44	road
413	50	road
413	51	road
413	52	road
413	62	road
413	63	road
413	73	road
413	83	road
413	93	road
413	94	road
414	01	river
414	11	river
414	21	river
414	31	river
414	42	river
414	52	river
414	62	river
414	63	river
414	72	river
414	73	river
414	83	river
414	94	river
414	95	river
414	59	road
414	67	road
414	68	road
414	69	road
414	74	road
414	75	road
414	76	road
414	77	road
414	80	road
414	81	road
414	82	road
414	83	road
414	84	road
414	93	road
415	60	road
415	70	road
415	71	road
415	72	road
415	82	road
415	83	road
415	84	road
415	85	road
415	86	road
415	87	road
415	88	road
415	89	road
416	00	river
416	10	river
416	20	river
416	30	river
416	40	river
416	50	river
416	60	river
416	61	river
416	71	river
416	80	river
416	81	river
416	90	river
416	91	river
416	02	road
416	03	road
416	13	road
416	14	road
416	24	road
416	25	road
416	35	road
416	36	road
416	46	road
416	47	road
416	58	road
416	59	road
416	69	road
417	03	river
417	13	river
417	23	river
417	34	river
417	44	river
417	55	river
417	65	river
417	70	river
417	71	river
417	75	river
417	76	river
417	81	river
417	82	river
417	83	river
417	85	river
417	86	river
417	93	river
417	94	river
417	95	river
417	00	road
417	10	road
417	20	road
417	30	road
418	21	river
418	22	river
418	23	river
418	24	river
418	25	river
418	30	river
418	31	river
418	35	river
418	36	river
418	46	river
418	47	river
418	57	river
418	58	river
418	68	river
418	69	river
418	39	road
418	49	road
418	59	road
418	68	road
418	69	road
418	78	road
418	87	road
418	88	road
418	96	road
418	97	road
418	98	road
419	20	river
419	21	river
419	27	river
419	28	river
419	32	river
419	33	river
419	39	river
420	07	river
420	17	river
420	18	river
420	19	river
420	27	river
420	28	river
420	38	river
420	48	river
420	58	river
420	68	river
420	78	river
420	80	river
420	88	river
420	90	river
420	91	river
420	97	river
420	98	river
421	01	river
421	02	river
421	12	river
421	22	river
421	23	river
421	33	river
421	34	river
421	44	river
421	45	river
421	55	river
421	56	river
421	67	river
421	68	river
421	78	river
421	79	river
421	89	river
421	40	road
421	41	road
421	42	road
421	52	road
421	53	road
421	63	road
421	64	road
421	74	road
421	75	road
421	85	road
421	86	road
421	96	road
421	97	road
422	20	road
422	21	road
422	22	road
422	32	road
422	33	road
422	34	road
422	35	road
422	45	road
422	46	road
422	47	road
422	48	road
422	49	road
423	05	road
423	06	road
423	16	road
423	17	road
423	18	road
423	19	road
423	29	road
432	58	river
432	59	river
432	66	river
432	67	river
432	68	river
432	75	river
432	76	river
432	83	river
432	84	river
432	91	river
432	92	river
434	01	river
434	11	river
434	12	river
434	22	river
434	32	river
434	42	river
434	52	river
434	62	river
434	72	river
434	83	river
434	93	river
436	62	river
436	63	river
436	70	river
436	71	river
436	72	river
436	80	river
436	90	river
436	02	road
436	03	road
436	13	road
436	23	road
436	33	road
436	43	road
436	53	road
436	54	road
436	64	road
436	74	road
436	84	road
436	94	road
437	06	river
437	09	river
437	16	river
437	18	river
437	19	river
437	26	river
437	28	river
437	31	river
437	32	river
437	35	river
437	36	river
437	37	river
437	38	river
437	42	river
437	45	river
437	47	river
437	52	river
437	53	river
437	55	river
437	56	river
437	57	river
437	63	river
437	64	river
437	65	river
437	66	river
437	72	river
437	74	river
437	75	river
437	83	river
437	84	river
437	93	river
437	98	river
437	99	river
437	01	road
437	02	road
437	11	road
437	12	road
437	20	road
437	21	road
437	30	road
438	01	river
438	02	river
438	09	river
438	10	river
438	11	river
438	18	river
438	19	river
438	20	river
438	21	river
438	27	river
438	28	river
438	30	river
438	36	river
438	37	river
438	45	river
438	53	river
438	54	river
438	55	river
438	61	river
438	62	river
438	63	river
438	70	river
438	71	river
438	80	river
438	49	road
438	58	road
438	59	road
438	67	road
438	68	road
438	76	road
438	77	road
438	85	road
438	86	road
438	93	road
438	94	road
439	01	river
439	11	river
439	21	river
439	29	river
439	31	river
439	32	river
439	38	river
439	39	river
439	42	river
439	47	river
439	48	river
439	52	river
439	53	river
439	57	river
439	63	river
439	66	river
439	67	river
439	73	river
439	75	river
439	76	river
439	83	river
439	84	river
439	85	river
439	88	river
439	89	river
439	93	river
439	94	river
439	97	river
439	98	river
440	50	river
440	60	river
440	70	river
440	80	river
440	90	river
441	07	river
441	08	river
441	09	river
441	19	river
441	29	river
441	39	river
441	49	river
441	59	river
442	80	road
442	91	road
442	92	road
443	20	river
443	30	river
443	31	river
443	32	river
443	42	river
443	43	river
443	53	river
443	63	river
443	73	river
443	83	river
443	93	river
443	40	road
443	50	road
443	51	road
443	52	road
443	53	road
443	54	road
443	55	road
443	56	road
443	57	road
443	67	road
443	68	road
443	70	road
443	79	road
443	80	road
443	90	road
444	00	river
444	01	river
444	12	river
444	13	river
444	24	river
444	25	river
444	26	river
444	27	river
444	28	river
444	29	river
444	48	road
444	49	road
444	58	road
444	59	road
444	69	road
444	79	road
445	02	river
445	03	river
445	13	river
445	14	river
445	15	river
445	25	river
445	61	river
445	62	river
445	70	river
445	71	river
446	30	river
446	31	river
446	41	river
446	42	river
446	43	river
446	53	river
446	54	river
446	64	river
446	65	river
446	75	river
446	76	river
446	77	river
446	78	river
446	79	river
446	86	river
446	96	river
446	97	river
447	01	river
447	02	river
447	03	river
447	04	river
447	05	river
447	10	river
447	15	river
447	16	river
447	17	river
447	27	river
447	28	river
447	29	river
447	39	river
447	80	river
447	90	river
447	91	river
448	19	river
448	27	river
448	28	river
448	35	river
448	36	river
448	40	river
448	41	river
448	42	river
448	43	river
448	44	river
448	45	river
448	50	river
448	54	river
448	55	river
448	65	river
448	66	river
448	67	river
448	77	river
448	78	river
448	79	river
448	89	river
449	56	river
449	57	river
449	58	river
449	59	river
449	62	river
449	63	river
449	64	river
449	65	river
449	71	river
449	72	river
449	80	river
449	04	road
449	05	road
449	13	road
449	14	road
449	22	road
449	23	road
449	32	road
449	41	road
449	42	road
449	50	road
449	51	road
449	60	road
449	70	road
449	80	road
449	81	road
449	82	road
449	92	road
449	93	road
449	94	road
449	95	road
450	89	river
450	79	road
450	89	road
460	03	river
460	04	river
460	13	river
460	20	river
460	21	river
460	22	river
460	30	river
460	40	river
460	50	river
460	60	river
460	70	river
460	71	river
460	81	river
460	91	river
460	04	road
460	05	road
460	13	road
460	14	road
460	22	road
460	23	road
460	30	road
460	31	road
460	32	road
461	09	river
461	19	river
461	29	river
461	30	road
461	31	road
461	32	road
461	33	road
461	34	road
461	35	road
461	36	road
461	37	road
461	38	road
461	39	road
462	01	road
462	10	road
462	20	road
462	30	road
462	31	road
462	32	road
462	33	road
462	34	road
462	35	road
462	36	road
462	37	road
462	38	road
462	39	road
462	41	road
462	51	road
462	62	road
462	72	road
462	82	road
462	92	road
463	08	river
463	18	river
463	27	river
463	28	river
463	37	river
463	47	river
463	56	river
463	57	river
463	66	river
463	76	river
463	86	river
463	96	river
463	99	river
463	04	road
463	14	road
463	23	road
463	30	road
463	31	road
463	32	road
463	33	road
463	34	road
463	35	road
463	36	road
463	37	road
463	38	road
463	39	road
463	43	road
463	48	road
463	49	road
463	52	road
463	53	road
463	56	road
463	57	road
463	58	road
463	62	road
463	65	road
463	66	road
463	72	road
463	74	road
463	75	road
463	82	road
463	83	road
463	84	road
463	92	road
463	93	road
464	92	river
464	93	river
464	36	road
464	37	road
464	38	road
464	39	road
464	40	road
464	41	road
464	42	road
464	43	road
464	44	road
464	45	road
465	30	road
465	31	road
465	32	road
465	33	road
465	34	road
465	35	road
465	36	road
465	37	road
465	38	road
465	39	road
465	49	road
466	20	road
466	21	road
466	22	road
466	23	road
466	24	road
466	25	road
466	26	road
466	27	road
466	30	road
466	38	road
466	39	road
467	08	river
467	18	river
467	28	river
467	38	river
467	48	river
467	58	river
467	60	river
467	68	river
467	70	river
467	71	river
467	72	river
467	78	river
467	79	river
467	82	river
467	83	river
467	89	river
467	93	river
467	94	river
467	95	river
467	96	river
467	97	river
467	99	river
467	00	road
467	11	road
467	12	road
467	22	road
467	23	road
467	24	road
467	25	road
467	26	road
467	36	road
467	37	road
467	38	road
467	39	road
468	05	river
468	06	river
468	16	river
468	17	river
468	27	river
468	28	river
468	38	river
468	48	river
468	49	river
468	59	river
470	90	river
471	15	river
471	20	river
471	21	river
471	22	river
471	23	river
471	24	river
471	25	river
471	30	river
471	60	river
471	61	river
471	62	river
471	63	river
471	64	river
471	65	river
471	66	river
471	67	river
471	78	river
471	79	river
471	80	river
471	81	river
471	89	river
471	91	river
471	92	river
471	99	river
472	05	river
472	06	river
472	14	river
472	15	river
472	24	river
472	33	river
472	39	river
472	41	river
472	42	river
472	43	river
472	49	river
472	50	river
472	51	river
472	58	river
472	59	river
472	60	river
472	61	river
472	62	river
472	63	river
472	64	river
472	65	river
472	66	river
472	67	river
472	68	river
472	69	river
472	73	river
472	74	river
472	75	river
472	79	river
472	89	river
473	59	river
473	66	river
473	67	river
473	68	river
473	69	river
473	75	river
473	76	river
473	83	river
473	84	river
473	85	river
473	92	river
473	93	river
474	02	road
474	11	road
474	12	road
474	20	road
474	21	road
474	30	road
475	39	road
475	49	road
475	58	road
475	67	road
475	68	road
475	76	road
475	77	road
475	85	road
475	86	road
475	95	road
485	01	road
485	10	road
485	11	road
485	20	road
485	30	road
486	09	river
486	18	river
486	19	river
486	28	river
486	38	river
486	47	river
486	48	river
486	57	river
486	66	river
486	75	river
486	76	river
486	85	river
486	94	river
486	95	river
486	39	road
486	49	road
486	58	road
486	67	road
486	68	road
486	77	road
486	86	road
486	87	road
486	95	road
486	96	road
487	06	river
487	16	river
487	26	river
487	27	river
487	37	river
487	47	river
487	57	river
487	68	river
487	78	river
487	88	river
487	98	river
487	99	river
488	01	road
488	02	road
488	11	road
488	21	road
488	31	road
488	40	road
488	41	road
488	51	road
488	61	road
488	71	road
488	81	road
488	91	road
489	88	river
489	98	river
489	48	road
489	49	road
489	57	road
489	58	road
489	67	road
489	76	road
489	85	road
489	86	road
489	95	road
492	01	river
492	02	river
492	10	river
493	00	river
493	01	river
493	02	river
493	12	river
493	13	river
493	19	river
493	23	river
493	28	river
493	29	river
493	33	river
493	34	river
493	35	river
493	37	river
493	38	river
493	45	river
493	46	river
493	47	river
493	56	river
493	57	river
493	67	river
493	77	river
493	78	river
493	88	river
493	98	river
493	90	road
494	09	river
494	70	river
494	80	river
494	81	river
494	92	river
494	93	river
494	94	river
494	95	river
494	30	road
494	40	road
494	50	road
494	51	road
494	52	road
494	62	road
494	63	road
494	64	road
494	65	road
494	66	road
494	67	road
494	78	road
494	89	road
494	99	road
495	20	river
495	30	river
495	31	river
495	32	river
495	33	river
495	40	river
495	44	river
495	45	river
495	46	river
495	56	river
495	57	river
495	67	river
495	68	river
495	69	river
495	79	river
495	04	road
495	05	road
495	15	road
495	16	road
495	17	road
495	27	road
495	28	road
495	29	road
495	39	road
496	00	river
496	01	river
496	02	river
496	03	river
496	13	river
496	14	river
496	15	river
496	16	river
496	17	river
496	28	river
496	29	river
496	36	river
496	37	river
496	38	river
496	39	river
496	43	river
496	44	river
496	45	river
496	46	river
496	47	river
496	48	river
496	49	river
496	56	river
496	57	river
496	58	river
496	63	river
496	64	river
496	65	river
496	66	river
496	70	river
496	71	river
496	72	river
496	73	river
496	80	river
496	04	road
496	05	road
496	14	road
496	24	road
496	30	road
496	31	road
496	32	road
496	33	road
496	42	road
496	43	road
496	52	road
496	62	road
496	72	road
497	03	river
497	04	river
497	12	river
497	13	river
497	22	river
497	31	river
497	32	river
497	40	river
497	41	river
497	50	river
497	78	river
497	85	river
497	86	river
497	87	river
497	88	river
497	89	river
498	05	river
498	06	river
498	16	river
498	26	river
498	37	river
498	47	river
498	57	river
498	59	river
498	67	river
498	68	river
498	69	river
498	77	river
498	78	river
498	86	river
498	87	river
498	96	river
500	05	road
500	15	road
500	25	road
500	35	road
500	45	road
500	54	road
500	55	road
500	64	road
500	73	road
500	74	road
500	83	road
500	92	road
500	93	road
511	03	river
511	12	river
511	13	river
511	22	river
511	31	river
511	32	river
511	41	river
511	51	river
511	60	river
511	61	river
511	70	river
511	80	river
511	90	river
511	04	road
511	14	road
511	24	road
511	33	road
511	34	road
511	43	road
511	52	road
511	53	road
511	62	road
511	72	road
511	81	road
511	82	road
511	91	road
512	99	river
513	06	river
513	07	river
513	16	river
513	17	river
513	26	river
513	36	river
513	46	river
513	56	river
513	66	river
513	76	river
513	86	river
513	96	river
514	06	road
514	15	road
514	16	road
514	25	road
514	34	road
514	35	road
514	44	road
514	53	road
514	54	road
514	63	road
514	72	road
514	73	road
514	82	road
514	92	road
517	24	river
517	31	river
517	32	river
517	33	river
517	34	river
517	40	river
517	41	river
518	57	river
518	58	river
518	59	river
518	66	river
518	67	river
518	75	river
518	76	river
518	84	river
518	85	river
518	92	river
518	93	river
518	94	river
519	03	river
519	12	river
519	13	river
519	22	river
519	31	river
519	32	river
519	41	river
519	51	river
519	61	river
519	70	river
519	71	river
519	80	river
519	90	river
520	60	river
520	63	river
520	64	river
520	65	river
520	70	river
520	71	river
520	72	river
520	73	river
520	76	river
520	77	river
520	87	river
520	88	river
520	98	river
520	99	river
521	00	river
521	10	river
521	20	river
521	30	river
521	31	river
521	32	river
521	33	river
521	35	river
521	36	river
521	37	river
521	38	river
521	44	river
521	48	river
521	58	river
521	69	river
521	70	road
521	71	road
521	82	road
521	83	road
521	93	road
521	94	road
522	06	river
522	16	river
522	17	river
522	19	river
522	27	river
522	28	river
522	29	river
522	35	road
522	45	road
522	55	road
522	56	road
522	57	road
522	65	road
522	67	road
522	68	road
522	69	road
522	75	road
522	79	road
522	85	road
522	95	road
523	94	river
523	02	road
523	03	road
523	13	road
523	14	road
524	27	river
524	36	river
524	37	river
524	45	river
524	46	river
524	55	river
524	65	river
524	75	river
524	85	river
524	95	river
526	06	road
526	16	road
526	25	road
526	26	road
526	35	road
526	36	road
526	46	road
526	56	road
526	66	road
526	76	road
526	86	road
526	95	road
526	96	road
536	20	river
536	21	river
536	22	river
536	23	river
536	24	river
536	34	river
536	35	river
536	36	river
536	37	river
536	38	river
536	39	river
536	30	road
536	31	road
536	32	road
536	33	road
536	34	road
536	35	road
536	36	road
536	46	road
536	47	road
536	48	road
536	49	road
537	04	river
537	14	river
537	24	river
537	28	river
537	29	river
537	34	river
537	36	river
537	37	river
537	38	river
537	44	river
537	45	river
537	46	river
537	54	river
537	64	river
537	73	river
537	83	river
537	93	river
537	30	road
537	39	road
537	40	road
537	41	road
537	46	road
537	47	road
537	48	road
537	49	road
537	51	road
537	52	road
537	53	road
537	54	road
537	55	road
537	64	road
537	74	road
537	75	road
537	84	road
537	85	road
537	94	road
538	00	river
538	01	river
538	10	river
538	20	river
538	08	road
538	18	road
538	28	road
538	29	road
538	39	road
539	03	river
539	04	river
539	14	river
539	24	river
539	25	river
539	29	river
539	35	river
539	38	river
539	39	river
539	45	river
539	46	river
539	48	river
539	56	river
539	57	river
539	58	river
539	67	river
539	77	river
539	86	river
539	87	river
539	96	river
539	02	road
539	03	road
539	11	road
539	12	road
539	21	road
539	30	road
539	31	road
539	40	road
540	49	road
540	59	road
540	68	road
540	69	road
540	78	road
540	87	road
540	96	road
540	97	road
544	04	river
544	05	river
544	12	river
544	13	river
544	14	river
544	20	river
544	21	river
544	22	river
544	30	river
545	38	river
545	39	river
545	47	river
545	48	river
545	56	river
545	57	river
545	65	river
545	66	river
545	74	river
545	75	river
545	84	river
545	93	river
546	05	river
546	06	river
546	07	river
546	13	river
546	14	river
546	15	river
546	20	river
546	21	river
546	22	river
546	23	river
546	30	river
547	04	river
547	14	river
547	24	river
547	33	river
547	34	river
547	39	river
547	43	river
547	47	river
547	48	river
547	53	river
547	55	river
547	56	river
547	57	river
547	64	river
547	65	river
547	72	river
547	73	river
547	81	river
547	82	river
547	90	river
547	91	river
548	04	river
548	14	river
548	24	river
548	34	river
548	35	river
548	45	river
548	54	river
548	55	river
548	64	river
548	65	river
548	70	river
548	71	river
548	72	river
548	75	river
548	82	river
548	83	river
548	85	river
548	94	river
548	95	river
548	96	river
549	30	river
549	31	river
549	41	river
549	42	river
549	43	river
549	53	river
549	54	river
549	55	river
549	77	river
549	78	river
549	79	river
549	70	road
549	71	road
549	81	road
549	82	road
549	92	road
550	10	river
550	11	river
550	21	river
550	22	river
550	23	river
550	24	river
550	25	river
550	26	river
550	27	river
550	28	river
550	39	river
550	20	road
550	30	road
550	31	road
550	32	road
550	42	road
550	43	road
550	44	road
550	54	road
550	55	road
550	56	road
550	66	road
550	67	road
550	68	road
550	69	road
551	08	river
551	18	river
551	19	river
551	07	road
551	18	road
551	19	road
551	29	road
552	04	road
552	14	road
552	15	road
552	25	road
552	35	road
552	45	road
552	46	road
552	56	road
552	66	road
552	76	road
552	86	road
552	96	road
563	04	river
563	05	river
563	15	river
563	26	river
563	36	river
563	47	river
563	57	river
563	66	river
563	67	river
563	76	river
563	85	river
563	86	river
563	94	river
563	95	river
564	03	river
564	04	river
564	14	river
564	24	river
564	34	river
564	43	river
564	44	river
564	53	river
564	63	river
564	73	river
564	82	river
564	91	river
564	92	river
564	05	road
564	06	road
564	16	road
564	27	road
564	37	road
564	47	road
564	48	road
564	58	road
564	68	road
564	78	road
564	88	road
564	98	road
565	60	river
565	70	river
565	71	river
565	81	river
565	82	river
565	92	river
565	93	river
565	06	road
565	07	road
565	09	road
565	15	road
565	16	road
565	19	road
565	28	road
565	38	road
565	47	road
565	48	road
565	57	road
565	66	road
565	67	road
565	75	road
565	76	road
565	84	road
565	85	road
565	93	road
565	94	road
566	04	river
566	14	river
566	20	river
566	21	river
566	22	river
566	23	river
566	25	river
566	33	river
566	34	river
566	35	river
566	36	river
566	46	river
566	47	river
566	57	river
566	58	river
566	59	river
566	69	river
567	17	river
567	18	river
567	29	river
567	70	river
567	71	river
567	81	river
567	82	river
567	83	river
567	84	river
567	86	river
567	87	river
567	88	river
567	95	river
567	96	river
568	03	river
568	04	river
568	11	river
568	12	river
568	20	river
568	21	river
568	30	river
568	70	river
568	71	river
568	72	river
568	73	river
568	76	river
568	77	river
568	78	river
568	79	river
568	83	river
568	84	river
568	85	river
568	86	river
568	88	river
568	89	river
569	39	river
569	47	river
569	48	river
569	49	river
569	54	river
569	55	river
569	56	river
569	57	river
569	62	river
569	63	river
569	64	river
569	66	river
569	67	river
569	68	river
569	69	river
569	70	river
569	71	river
569	72	river
570	79	river
570	87	river
570	88	river
570	89	river
570	95	river
570	96	river
570	97	river
571	02	river
571	03	river
571	04	river
571	10	river
571	11	river
572	10	river
572	11	river
572	12	river
572	13	river
572	14	river
572	15	river
572	16	river
572	17	river
572	18	river
572	19	river
572	26	river
572	98	river
573	04	river
573	06	river
573	07	river
573	08	river
573	09	river
573	14	river
573	15	river
573	19	river
573	24	river
573	34	river
573	35	river
573	44	river
573	45	river
573	50	river
573	54	river
573	60	river
573	61	river
573	64	river
573	65	river
573	72	river
573	74	river
573	82	river
573	83	river
573	84	river
573	94	river
574	04	river
574	05	river
574	15	river
574	16	river
574	26	river
574	27	river
574	37	river
574	38	river
574	48	river
574	49	river
574	59	river
574	70	river
574	71	river
574	72	river
574	82	river
574	83	river
574	94	river
575	10	river
575	20	river
575	30	river
575	31	river
575	40	river
575	41	river
575	51	river
575	52	river
575	63	river
575	64	river
575	74	river
575	75	river
575	76	river
575	86	river
576	09	river
576	19	river
577	07	river
577	08	river
577	14	river
577	15	river
577	16	river
577	20	river
577	21	river
577	22	river
577	23	river
577	24	river
577	31	river
577	32	river
577	42	river
577	43	river
577	53	river
577	54	river
577	64	river
577	65	river
577	75	river
577	76	river
577	86	river
577	87	river
577	97	river
577	98	river
577	30	road
577	31	road
577	41	road
577	42	road
577	52	road
577	53	road
577	63	road
577	64	road
577	74	road
577	75	road
577	85	road
577	86	road
577	96	road
577	97	road
578	08	river
578	19	river
578	00	road
578	05	road
578	06	road
578	11	road
578	12	road
578	16	road
578	17	road
578	18	road
578	22	road
578	28	road
578	29	road
578	32	road
578	33	road
578	43	road
578	53	road
578	54	road
578	64	road
578	74	road
578	84	road
578	94	road
579	02	river
579	02	road
579	03	road
579	04	road
579	05	road
579	06	road
579	07	road
579	08	road
579	09	road
589	64	river
589	74	river
589	84	river
589	94	river
590	80	river
590	90	river
590	91	river
590	92	river
590	93	river
590	00	road
590	05	road
590	06	road
590	10	road
590	13	road
590	14	road
590	20	road
590	23	road
590	30	road
590	32	road
590	33	road
590	41	road
590	42	road
590	51	road
590	60	road
590	61	road
590	70	road
590	80	road
590	81	road
590	82	road
590	83	road
590	93	road
590	94	road
590	95	road
591	05	river
591	06	river
591	16	river
591	26	river
591	37	river
591	47	river
591	48	river
591	58	river
591	68	river
591	79	river
591	89	river
591	07	road
591	08	road
591	18	road
591	28	road
591	38	road
591	39	road
591	48	road
591	49	road
591	59	road
591	60	road
591	61	road
591	69	road
591	71	road
591	72	road
591	73	road
591	74	road
591	75	road
591	76	road
591	77	road
591	78	road
591	79	road
591	88	road
591	89	road
591	97	road
591	98	road
591	99	road
592	40	river
592	50	river
592	51	river
592	61	river
592	71	river
592	72	river
592	82	river
592	93	river
592	94	river
592	02	road
592	13	road
592	14	road
592	24	road
592	25	road
592	35	road
592	36	road
592	46	road
592	47	road
592	58	road
592	59	road
592	69	road
593	08	river
593	18	river
593	19	river
593	29	river
593	39	river
594	02	river
594	03	river
594	04	river
594	05	river
594	06	river
594	07	river
594	08	river
594	10	river
594	11	river
594	12	river
594	77	river
594	78	river
594	79	river
594	86	river
594	87	river
594	94	river
594	95	river
595	02	river
595	11	river
595	14	river
595	15	river
595	16	river
595	17	river
595	18	river
595	19	river
595	20	river
595	21	river
595	22	river
595	23	river
595	24	river
595	30	river
596	39	river
596	45	river
596	46	river
596	47	river
596	48	river
596	52	river
596	53	river
596	54	river
596	55	river
596	60	river
596	61	river
597	69	river
597	77	river
597	78	river
597	79	river
597	86	river
597	87	river
597	95	river
597	96	river
598	00	river
598	01	river
598	10	river
598	18	river
598	27	river
598	28	river
598	36	river
598	37	river
598	46	river
598	55	river
598	56	river
598	64	river
598	65	river
598	73	river
598	74	river
598	82	river
598	83	river
598	90	river
598	91	river
599	10	river
599	19	river
599	20	river
599	21	river
599	22	river
599	29	river
599	32	river
599	33	river
599	34	river
599	38	river
599	39	river
599	44	river
599	45	river
599	47	river
599	48	river
599	55	river
599	56	river
599	57	river
599	65	river
599	66	river
599	75	river
599	84	river
599	85	river
599	94	river
599	99	river
600	08	river
600	09	river
600	19	river
600	81	river
600	82	river
600	92	river
600	93	river
600	94	river
601	14	river
601	23	river
601	24	river
601	31	river
601	32	river
601	33	river
601	40	river
601	41	river
601	50	river
601	70	river
601	71	river
601	80	river
601	81	river
601	82	river
601	83	river
601	84	river
601	85	river
601	86	river
601	93	river
601	94	river
602	56	river
602	57	river
602	58	river
602	59	river
602	64	river
602	65	river
602	66	river
602	67	river
602	68	river
602	71	river
602	72	river
602	73	river
602	74	river
602	75	river
602	78	river
602	79	river
602	80	river
602	81	river
602	86	river
602	87	river
602	97	river
602	98	river
602	99	river
602	03	road
602	04	road
602	11	road
602	12	road
602	20	road
603	98	river
603	99	river
603	29	road
603	36	road
603	37	road
603	38	road
603	40	road
603	41	road
603	42	road
603	43	road
603	44	road
603	45	road
603	46	road
604	61	river
604	62	river
604	63	river
604	70	river
604	73	river
604	74	river
604	75	river
604	76	river
604	86	river
604	87	river
604	97	river
604	42	road
604	43	road
604	44	road
604	45	road
604	46	road
604	47	road
604	48	road
604	49	road
604	50	road
604	51	road
604	52	road
604	90	road
604	91	road
604	92	road
604	93	road
604	94	road
604	95	road
605	78	river
605	79	river
605	85	river
605	86	river
605	87	river
605	88	river
605	93	river
605	94	river
605	95	river
605	58	road
605	59	road
605	67	road
605	68	road
605	75	road
605	76	road
605	84	road
605	85	road
605	92	road
605	93	road
605	94	road
605	95	road
605	96	road
605	97	road
605	98	road
605	99	road
614	06	river
614	16	river
614	17	river
614	27	river
614	28	river
614	38	river
614	39	river
614	49	river
614	59	river
614	69	river
615	05	road
615	06	road
615	15	road
615	24	road
615	33	road
615	34	road
615	42	road
615	43	road
615	51	road
615	52	road
615	60	road
615	61	road
615	70	road
616	03	road
616	13	road
616	22	road
616	23	road
616	32	road
616	42	road
616	51	road
616	52	road
616	61	road
616	71	road
616	79	road
616	81	road
616	87	road
616	88	road
616	90	road
616	91	road
616	96	road
616	97	road
617	02	river
617	03	river
617	13	river
617	22	river
617	23	river
617	32	river
617	42	river
617	52	river
617	62	river
617	63	river
617	70	river
617	71	river
617	72	river
617	73	river
617	74	river
617	84	river
617	85	river
617	95	river
617	10	road
617	20	road
617	21	road
617	22	road
617	32	road
617	33	road
617	43	road
617	44	road
617	54	road
617	55	road
617	65	road
617	66	road
617	76	road
617	86	road
617	87	road
617	97	road
618	20	river
618	30	river
618	31	river
618	41	river
618	42	river
618	43	river
618	53	river
618	54	river
618	64	river
618	65	river
618	66	river
618	69	river
618	77	river
618	78	river
618	79	river
618	09	road
618	19	road
618	70	road
618	80	road
618	81	road
618	91	road
618	92	road
619	06	river
619	07	river
619	17	river
619	18	river
619	19	river
619	21	river
619	29	river
619	31	river
619	32	river
619	42	river
619	43	river
619	53	river
619	54	river
619	64	river
619	65	river
619	66	river
619	76	river
619	77	river
619	87	river
619	88	river
619	98	river
619	02	road
619	13	road
619	23	road
619	24	road
619	34	road
619	35	road
619	45	road
619	46	road
619	57	road
619	58	road
619	68	road
619	69	road
619	79	road
620	50	river
620	98	river
621	57	river
621	58	river
621	59	river
621	65	river
621	66	river
621	67	river
621	74	river
621	75	river
621	83	river
621	84	river
621	92	river
621	93	river
623	07	river
623	08	river
623	15	river
623	16	river
623	17	river
623	24	river
623	25	river
623	32	river
623	33	river
623	34	river
623	41	river
623	42	river
623	50	river
623	51	river
624	00	river
624	08	river
624	11	river
624	12	river
624	13	river
624	17	river
624	18	river
624	23	river
624	24	river
624	25	river
624	26	river
624	27	river
624	35	river
624	36	river
624	46	river
624	56	river
624	59	river
624	66	river
624	67	river
624	68	river
624	69	river
624	75	river
624	76	river
624	77	river
624	83	river
624	84	river
624	85	river
624	91	river
624	92	river
624	93	river
626	40	river
626	41	river
626	51	river
626	52	river
626	53	river
626	54	river
626	64	river
626	65	river
626	66	river
626	76	river
626	86	river
626	87	river
626	97	river
626	98	river
626	03	road
626	04	road
626	05	road
626	10	road
626	11	road
626	12	road
626	20	road
627	49	river
627	29	road
627	37	road
627	38	road
627	45	road
627	46	road
627	47	road
627	53	road
627	54	road
627	55	road
627	61	road
627	62	road
627	63	road
627	70	road
627	71	road
628	78	road
628	79	road
628	86	road
628	87	road
628	88	road
628	95	road
628	96	road
640	30	river
640	31	river
640	37	river
640	38	river
640	39	river
640	40	river
640	41	river
640	42	river
640	43	river
640	44	river
640	45	river
640	46	river
640	47	river
640	52	river
640	53	river
640	63	river
640	74	river
640	85	river
640	95	river
640	96	river
640	01	road
640	02	road
640	10	road
641	00	river
641	10	river
641	11	river
641	12	river
641	22	river
641	23	river
641	24	river
641	25	river
641	26	river
641	36	river
641	37	river
641	38	river
641	39	river
641	19	road
641	28	road
641	29	road
641	38	road
641	47	road
641	48	road
641	57	road
641	67	road
641	76	road
641	77	road
641	86	road
641	96	road
642	12	river
642	13	river
642	14	river
642	15	river
642	16	river
642	17	river
642	18	river
642	19	river
642	20	river
642	21	river
642	22	river
642	03	road
642	13	road
642	22	road
642	23	road
642	32	road
642	42	road
642	52	road
642	53	road
642	63	road
642	73	road
642	83	road
642	93	road
643	04	river
643	05	river
643	15	river
643	24	river
643	25	river
643	26	river
643	27	river
643	28	river
643	29	river
643	34	river
643	35	river
643	36	river
643	43	river
643	44	river
643	53	river
643	63	river
643	73	river
643	82	river
643	83	river
643	92	river
644	02	road
644	03	road
644	13	road
644	14	road
644	24	road
644	34	road
644	35	road
644	45	road
644	56	road
644	66	road
644	67	road
644	77	road
644	78	road
644	88	road
644	98	road
644	99	road
645	95	river
645	96	river
645	70	road
645	80	road
645	81	road
645	91	road
645	92	road
646	00	road
646	01	road
646	11	road
646	12	road
646	13	road
646	23	road
646	24	road
646	34	road
646	35	road
646	45	road
646	46	road
646	56	road
646	57	road
646	58	road
646	68	road
646	69	road
646	79	road
647	30	river
647	31	river
647	32	river
647	33	river
647	34	river
648	28	river
648	36	river
648	37	river
648	38	river
648	39	river
648	44	river
648	45	river
648	46	river
648	53	river
648	54	river
648	62	river
648	70	river
648	71	river
648	80	river
649	03	river
649	13	river
649	23	river
649	32	river
649	33	river
649	42	river
649	51	river
649	52	river
649	60	river
649	61	river
649	70	river
649	89	river
649	98	river
649	99	river
650	56	river
650	67	river
650	68	river
650	78	river
650	79	river
650	89	river
650	98	river
650	99	river
650	00	road
650	01	road
650	02	road
651	07	river
651	17	river
651	27	river
651	28	river
651	37	river
651	38	river
651	47	river
651	48	river
651	58	river
651	68	river
651	78	river
651	89	river
651	99	river
651	08	road
651	09	road
651	17	road
651	18	road
651	25	road
651	26	road
651	34	road
651	35	road
651	42	road
651	43	road
651	51	road
651	52	road
651	60	road
652	78	road
652	79	road
652	87	road
652	88	road
652	95	road
652	96	road
652	97	road
666	03	river
666	04	river
666	12	river
666	13	river
666	21	river
666	22	river
666	30	river
666	31	river
666	40	river
666	78	road
666	79	road
666	84	road
666	85	road
666	86	road
666	87	road
666	92	road
666	93	road
666	94	road
667	49	river
667	57	river
667	58	river
667	65	river
667	66	river
667	74	river
667	75	river
667	83	river
667	91	river
667	92	river
668	00	road
668	04	road
668	13	road
668	14	road
668	23	road
668	33	road
668	43	road
668	53	road
668	63	road
668	73	road
668	83	road
668	93	road
669	43	river
669	53	river
669	54	river
669	64	river
669	74	river
669	84	river
669	94	river
669	08	road
669	09	road
669	15	road
669	16	road
669	17	road
669	22	road
669	23	road
669	24	road
669	25	road
669	30	road
669	31	road
669	32	road
670	10	road
670	11	road
670	21	road
670	22	road
670	23	road
670	24	road
670	34	road
670	35	road
670	36	road
670	37	road
670	38	road
670	39	road
670	70	road
670	81	road
670	92	road
671	00	road
671	01	road
671	02	road
671	03	road
671	04	road
671	05	road
671	06	road
671	07	road
671	08	road
671	13	road
671	18	road
671	19	road
671	24	road
671	25	road
671	35	road
671	36	road
671	46	road
671	47	road
671	57	road
671	58	road
671	68	road
671	69	road
671	79	road
672	00	road
672	01	road
672	02	road
672	03	road
672	04	road
672	05	road
672	06	road
672	07	road
672	08	road
672	09	road
673	08	road
673	09	road
673	40	road
673	50	road
673	51	road
673	52	road
673	62	road
673	63	road
673	64	road
673	74	road
673	75	road
673	86	road
673	87	road
673	98	road
673	99	road
674	00	road
674	01	road
674	02	road
674	12	road
674	13	road
674	14	road
674	24	road
674	25	road
674	26	road
674	36	road
674	37	road
674	38	road
674	48	road
674	49	road
675	03	river
675	12	river
675	22	river
675	32	river
675	42	river
675	52	river
675	62	river
675	72	river
675	73	river
675	82	river
675	83	river
675	92	river
675	00	road
675	09	road
676	09	road
676	19	road
676	28	road
676	29	road
676	38	road
676	48	road
676	58	road
676	67	road
676	68	road
676	77	road
676	85	road
676	86	road
676	92	road
676	93	road
676	94	road
676	95	road
677	45	river
677	55	river
677	65	river
677	66	river
677	76	river
677	86	river
677	96	river
677	97	river
692	69	river
692	77	river
692	78	river
692	79	river
692	85	river
692	86	river
692	87	river
692	94	river
692	95	river
692	70	road
692	71	road
692	72	road
692	82	road
692	83	road
692	84	road
692	85	road
692	86	road
692	96	road
692	97	road
692	98	road
692	99	road
693	72	road
693	73	road
693	74	road
693	75	road
693	76	road
693	77	road
693	78	road
693	79	road
693	80	road
693	81	road
693	82	road
694	88	road
694	89	road
694	90	road
694	91	road
694	92	road
694	93	road
694	94	road
694	95	road
694	96	road
694	97	road
699	80	road
699	81	road
699	82	road
699	83	road
699	93	road
699	94	road
699	95	road
699	96	road
699	97	road
700	70	road
700	71	road
700	72	road
700	83	road
700	84	road
700	85	road
700	86	road
700	87	road
700	88	road
700	89	road
701	54	river
701	55	river
701	65	river
701	75	river
701	84	river
701	85	river
701	93	river
701	94	river
701	75	road
701	76	road
701	77	road
701	78	road
701	79	road
701	81	road
701	82	road
701	83	road
701	84	road
701	85	road
701	86	road
701	87	road
701	88	road
701	90	road
701	91	road
701	98	road
701	99	road
